PATIENTID,PATIENTFULLNAME,CONTACT,UID,ADDRESS,CREATIONDATE,UPDATEDATE,SOURCEQUERYTIME
2,G. Bhaskara_null,12345679,12345433,Old No.52 New No.8 Dr.BN Road_MUMBAI-123457,13-02-2019 00:00,01-01-1970 00:00,30-05-2024 12:21
3,Jeewat Rai_null,12345680,12345434,26/7 Jaffer Sarang Street_NAGPUR-123458,14-02-2019 00:00,01-01-1970 00:00,30-05-2024 12:21
6,Atul Lakhotia_null,12345683,12345437,Jai Ganesh Building_BHOPAL-123461,17-02-2019 00:00,01-01-1970 00:00,30-05-2024 12:21
7,Sushanth Alva_null,12345684,12345438,26/7 Jaffer Sarang Street_CHANDIGAD-123462,18-02-2019 00:00,01-01-1970 00:00,30-05-2024 12:21
10,P.N. Wahal_null,12345687,12345441,Jai Ganesh Building_DALLAS-123465,21-02-2019 00:00,01-01-1970 00:00,30-05-2024 12:21
17,R. D. Ramasamy_null,12345694,12345448,80 Feet Road_LINDEN-123472,28-02-2019 00:00,01-01-1970 00:00,30-05-2024 12:21
19,Anjan Mandal_null,12345696,12345450,26/7 Jaffer Sarang Street_MUMBAI-123474,02-03-2019 00:00,01-01-1970 00:00,30-05-2024 12:21
20,K. K._null,12345697,12345451,Classic Tower_NAGPUR-123475,03-03-2019 00:00,01-01-1970 00:00,30-05-2024 12:21
21,Satchid_null,12345698,12345452,W-169 WIP_PUNE-123476,04-03-2019 00:00,01-01-1970 00:00,30-05-2024 12:21
27,Benjamin_null,12345704,12345458,Old No.52 New No.8 Dr.BN Road_MUMBAI-123457,10-03-2019 00:00,01-01-1970 00:00,30-05-2024 12:21
29,Vinod Dixit_null,12345706,12345460,W-169 WIP_AHMADABAD-123459,12-03-2019 00:00,01-01-1970 00:00,30-05-2024 12:21
30,Umesh M. Gosavi_null,12345707,12345461,80 Feet Road_HYDRABAD-123460,13-03-2019 00:00,01-01-1970 00:00,30-05-2024 12:21
31,Bhushan_null,12345708,12345462,Jai Ganesh Building_BHOPAL-123461,14-03-2019 00:00,01-01-1970 00:00,30-05-2024 12:21
38,Anil Malik_null,12345715,12345469,26/7 Jaffer Sarang Street_BRISTOL-123468,21-03-2019 00:00,01-01-1970 00:00,30-05-2024 12:21
39,Pradeep_null,12345716,12345470,Classic Tower_DUNDI-123469,22-03-2019 00:00,01-01-1970 00:00,30-05-2024 12:21
40,Ms. Namrata_null,12345717,12345471,Classic Tower_BAGHDAD-123470,23-03-2019 00:00,01-01-1970 00:00,30-05-2024 12:21
41,Prem_null,12345718,12345472,Old No.52 New No.8 Dr.BN Road_Beijing-123471,24-03-2019 00:00,01-01-1970 00:00,30-05-2024 12:21
43,S. Vijayagopal_null,12345720,12345474,W-169 WIP_PUNE-123473,26-03-2019 00:00,01-01-1970 00:00,30-05-2024 12:21
45,Arun Bose_null,12345722,12345476,Classic Tower_NAGPUR-123475,28-03-2019 00:00,01-01-1970 00:00,30-05-2024 12:21
46,R.C.Srivastava_null,12345723,12345477,W-169 WIP_PUNE-123476,29-03-2019 00:00,01-01-1970 00:00,30-05-2024 12:21
48,Dilip_null,12345725,12345479,Classic Tower_NAGPUR-123478,31-03-2019 00:00,01-01-1970 00:00,30-05-2024 12:21
51,Mr.V. Mahesh_null,12345728,12345482,Old No.52 New No.8 Dr.BN Road_PUNE-123456,03-04-2019 00:00,01-01-1970 00:00,30-05-2024 12:21
54,H.N. Anantharamu_null,12345731,12345485,W-169 WIP_AHMADABAD-123459,06-04-2019 00:00,01-01-1970 00:00,30-05-2024 12:21
57,K.C Agarwal_null,12345734,12345488,26/7 Jaffer Sarang Street_CHANDIGAD-123462,09-04-2019 00:00,01-01-1970 00:00,30-05-2024 12:21
58,Pradeep S._null,12345735,12345489,W-16 WIP_SAN FRANCISCO-123463,10-04-2019 00:00,01-01-1970 00:00,30-05-2024 12:21
59,S. Rajagopalan_null,12345736,12345490,Old No.52 New No.8 Dr.BN Road_WASILLA-123464,11-04-2019 00:00,01-01-1970 00:00,30-05-2024 12:21
60,Sharwan _null,12345737,12345491,Jai Ganesh Building_DALLAS-123465,12-04-2019 00:00,01-01-1970 00:00,30-05-2024 12:21
61,Hiren G_null,12345738,12345492,80 Feet Road_SANTA FE-123466,13-04-2019 00:00,01-01-1970 00:00,30-05-2024 12:21
64,Subhas_null,12345741,12345495,Classic Tower_DUNDI-123469,16-04-2019 00:00,01-01-1970 00:00,30-05-2024 12:21
65,Dinesh Menon_null,12345742,12345496,Classic Tower_BAGHDAD-123470,17-04-2019 00:00,01-01-1970 00:00,30-05-2024 12:21
67,K Suri Babu_null,12345744,12345498,80 Feet Road_LINDEN-123472,19-04-2019 00:00,01-01-1970 00:00,30-05-2024 12:21
68,K. N. Ravindra_null,12345745,12345499,W-169 WIP_PUNE-123473,20-04-2019 00:00,01-01-1970 00:00,30-05-2024 12:21
69,S. Abbas_null,12345746,12345500,26/7 Jaffer Sarang Street_MUMBAI-123474,21-04-2019 00:00,01-01-1970 00:00,30-05-2024 12:21
70,Mukesh C._null,12345747,12345501,Classic Tower_NAGPUR-123475,22-04-2019 00:00,01-01-1970 00:00,30-05-2024 12:21
73,Ms. Daksha Mehta_null,12345750,12345504,Classic Tower_NAGPUR-123478,25-04-2019 00:00,01-01-1970 00:00,30-05-2024 12:21
77,Pinkesh Gupta_null,12345754,12345508,Old No.52 New No.8 Dr.BN Road_MUMBAI-123457,29-04-2019 00:00,01-01-1970 00:00,30-05-2024 12:21
79,K. Ragunathan_null,12345756,12345510,W-169 WIP_AHMADABAD-123459,01-05-2019 00:00,01-01-1970 00:00,30-05-2024 12:21
80,Mr.G. R. Rao_null,12345757,12345511,80 Feet Road_HYDRABAD-123460,02-05-2019 00:00,01-01-1970 00:00,30-05-2024 12:21
81,K.C AjitKumar_null,12345758,12345512,Jai Ganesh Building_BHOPAL-123461,03-05-2019 00:00,01-01-1970 00:00,30-05-2024 12:21
83,Shailesh_null,12345760,12345514,W-16 WIP_SAN FRANCISCO-123463,05-05-2019 00:00,01-01-1970 00:00,30-05-2024 12:21
84,K. Narendra_null,12345761,12345515,Old No.52 New No.8 Dr.BN Road_WASILLA-123464,06-05-2019 00:00,01-01-1970 00:00,30-05-2024 12:21
85,Subhash Agarwal_null,12345762,12345516,Jai Ganesh Building_DALLAS-123465,07-05-2019 00:00,01-01-1970 00:00,30-05-2024 12:21
86,Ramani TE_null,12345763,12345517,80 Feet Road_SANTA FE-123466,08-05-2019 00:00,01-01-1970 00:00,30-05-2024 12:21
89,Vinayak A_null,12345766,12345520,Classic Tower_DUNDI-123469,11-05-2019 00:00,01-01-1970 00:00,30-05-2024 12:21
90,Avinash M._null,12345767,12345521,Classic Tower_BAGHDAD-123470,12-05-2019 00:00,01-01-1970 00:00,30-05-2024 12:21
91,K. Selvana_null,12345768,12345522,Old No.52 New No.8 Dr.BN Road_Beijing-123471,13-05-2019 00:00,01-01-1970 00:00,30-05-2024 12:21
93,Milind Mondkar_null,12345770,12345524,W-169 WIP_PUNE-123473,15-05-2019 00:00,01-01-1970 00:00,30-05-2024 12:21
96,R Ram Prasad_null,12345773,12345527,W-169 WIP_PUNE-123476,18-05-2019 00:00,01-01-1970 00:00,30-05-2024 12:21
97,Krishan Kant_null,12345774,12345528,80 Feet Road_MUMBAI-123477,19-05-2019 00:00,01-01-1970 00:00,30-05-2024 12:21
98,K. Raman_null,12345775,12345529,Classic Tower_NAGPUR-123478,20-05-2019 00:00,01-01-1970 00:00,30-05-2024 12:21
99,Mahendra_null,12345776,12345530,Old No.52 New No.8 Dr.BN Road_HYDRABAD-123479,21-05-2019 00:00,01-01-1970 00:00,30-05-2024 12:21
101,Vinayak B_null,12345778,12345532,/N,22-05-2019 00:00,25-12-2019 00:00,30-05-2024 12:21
1,L.N. Rajan_null,12345678,12345432,Old No.52 New No.8 Dr.BN Road_PUNE-123456,12-02-2019 00:00,01-01-1970 00:00,30-05-2024 12:21
4,Mr.Vijay Chand_null,12345681,12345435,W-169 WIP_AHMADABAD-123459,15-02-2019 00:00,01-01-1970 00:00,30-05-2024 12:21
5,Burjor D._null,12345682,12345436,80 Feet Road_HYDRABAD-123460,16-02-2019 00:00,01-01-1970 00:00,30-05-2024 12:21
8,Vijay S_null,12345685,12345439,W-16 WIP_SAN FRANCISCO-123463,19-02-2019 00:00,01-01-1970 00:00,30-05-2024 12:21
9,Ms. Savita _null,12345686,12345440,Old No.52 New No.8 Dr.BN Road_WASILLA-123464,20-02-2019 00:00,01-01-1970 00:00,30-05-2024 12:21
11,S.K. Agrawala_null,12345688,12345442,80 Feet Road_SANTA FE-123466,22-02-2019 00:00,01-01-1970 00:00,30-05-2024 12:21
12,Punit Mittal_null,12345689,12345443,W-169 WIP_New York-123467,23-02-2019 00:00,01-01-1970 00:00,30-05-2024 12:21
13,Ms. Mercy Susan_null,12345690,12345444,26/7 Jaffer Sarang Street_BRISTOL-123468,24-02-2019 00:00,01-01-1970 00:00,30-05-2024 12:21
14,P. S._null,12345691,12345445,Classic Tower_DUNDI-123469,25-02-2019 00:00,01-01-1970 00:00,30-05-2024 12:21
15,N. V. K. Mohan_null,12345692,12345446,Classic Tower_BAGHDAD-123470,26-02-2019 00:00,01-01-1970 00:00,30-05-2024 12:21
16,S. Ramesh Babu_null,12345693,12345447,Old No.52 New No.8 Dr.BN Road_Beijing-123471,27-02-2019 00:00,01-01-1970 00:00,30-05-2024 12:21
18,K. Ravi_null,12345695,12345449,W-169 WIP_PUNE-123473,01-03-2019 00:00,01-01-1970 00:00,30-05-2024 12:21
22,Ms.Gool_null,12345699,12345453,80 Feet Road_MUMBAI-123477,05-03-2019 00:00,01-01-1970 00:00,30-05-2024 12:21
23,S.V. Karthick_null,12345700,12345454,Classic Tower_NAGPUR-123478,06-03-2019 00:00,01-01-1970 00:00,30-05-2024 12:21
24,Shishir_null,12345701,12345455,Old No.52 New No.8 Dr.BN Road_HYDRABAD-123479,07-03-2019 00:00,01-01-1970 00:00,30-05-2024 12:21
25,Shalini Baigh_null,12345702,12345456,80 Feet Road_BHOPAL-123480,08-03-2019 00:00,01-01-1970 00:00,30-05-2024 12:21
26,Ganapathy_null,12345703,12345457,Old No.52 New No.8 Dr.BN Road_PUNE-123456,09-03-2019 00:00,01-01-1970 00:00,30-05-2024 12:21
28,P. K._null,12345705,12345459,26/7 Jaffer Sarang Street_NAGPUR-123458,11-03-2019 00:00,01-01-1970 00:00,30-05-2024 12:21
32,Vaman Sabharwal_null,12345709,12345463,26/7 Jaffer Sarang Street_CHANDIGAD-123462,15-03-2019 00:00,01-01-1970 00:00,30-05-2024 12:21
33,Gopal N_null,12345710,12345464,W-16 WIP_SAN FRANCISCO-123463,16-03-2019 00:00,01-01-1970 00:00,30-05-2024 12:21
34,Ashok Malu_null,12345711,12345465,Old No.52 New No.8 Dr.BN Road_WASILLA-123464,17-03-2019 00:00,01-01-1970 00:00,30-05-2024 12:21
35,Vidyadhar A_null,12345712,12345466,Jai Ganesh Building_DALLAS-123465,18-03-2019 00:00,01-01-1970 00:00,30-05-2024 12:21
36,R.B. Panchal_null,12345713,12345467,80 Feet Road_SANTA FE-123466,19-03-2019 00:00,01-01-1970 00:00,30-05-2024 12:21
37,Mr.Girish V_null,12345714,12345468,W-169 WIP_New York-123467,20-03-2019 00:00,01-01-1970 00:00,30-05-2024 12:21
42,Bharat_null,12345719,12345473,80 Feet Road_LINDEN-123472,25-03-2019 00:00,01-01-1970 00:00,30-05-2024 12:21
44,Suresh Babu_null,12345721,12345475,26/7 Jaffer Sarang Street_MUMBAI-123474,27-03-2019 00:00,01-01-1970 00:00,30-05-2024 12:21
47,K K Kohli_null,12345724,12345478,80 Feet Road_MUMBAI-123477,30-03-2019 00:00,01-01-1970 00:00,30-05-2024 12:21
49,Amit Verma_null,12345726,12345480,Old No.52 New No.8 Dr.BN Road_HYDRABAD-123479,01-04-2019 00:00,01-01-1970 00:00,30-05-2024 12:21
50,Amit Verma_null,12345727,12345481,80 Feet Road_BHOPAL-123480,02-04-2019 00:00,01-01-1970 00:00,30-05-2024 12:21
52,S Ganapathy_null,12345729,12345483,Old No.52 New No.8 Dr.BN Road_MUMBAI-123457,04-04-2019 00:00,01-01-1970 00:00,30-05-2024 12:21
53,V. Mahesh_null,12345730,12345484,26/7 Jaffer Sarang Street_NAGPUR-123458,05-04-2019 00:00,01-01-1970 00:00,30-05-2024 12:21
55,R. Chandrasekaran_null,12345732,12345486,80 Feet Road_HYDRABAD-123460,07-04-2019 00:00,01-01-1970 00:00,30-05-2024 12:21
56,Sanjeev Nandu_null,12345733,12345487,Jai Ganesh Building_BHOPAL-123461,08-04-2019 00:00,01-01-1970 00:00,30-05-2024 12:21
62,Aloke_null,12345739,12345493,W-169 WIP_New York-123467,14-04-2019 00:00,01-01-1970 00:00,30-05-2024 12:21
63,Uday V_null,12345740,12345494,26/7 Jaffer Sarang Street_BRISTOL-123468,15-04-2019 00:00,01-01-1970 00:00,30-05-2024 12:21
66,K. G. George_null,12345743,12345497,Old No.52 New No.8 Dr.BN Road_Beijing-123471,18-04-2019 00:00,01-01-1970 00:00,30-05-2024 12:21
71,Manoj Agarwal_null,12345748,12345502,W-169 WIP_PUNE-123476,23-04-2019 00:00,01-01-1970 00:00,30-05-2024 12:21
72,Rajesh Shah_null,12345749,12345503,80 Feet Road_MUMBAI-123477,24-04-2019 00:00,01-01-1970 00:00,30-05-2024 12:21
74,Naresh Chander_null,12345751,12345505,Old No.52 New No.8 Dr.BN Road_HYDRABAD-123479,26-04-2019 00:00,01-01-1970 00:00,30-05-2024 12:21
75,J. Banerjee_null,12345752,12345506,80 Feet Road_BHOPAL-123480,27-04-2019 00:00,01-01-1970 00:00,30-05-2024 12:21
76,Manoj Kumar_null,12345753,12345507,Old No.52 New No.8 Dr.BN Road_PUNE-123456,28-04-2019 00:00,01-01-1970 00:00,30-05-2024 12:21
78,Michael _null,12345755,12345509,26/7 Jaffer Sarang Street_NAGPUR-123458,30-04-2019 00:00,01-01-1970 00:00,30-05-2024 12:21
82,Manas Roy_null,12345759,12345513,26/7 Jaffer Sarang Street_CHANDIGAD-123462,04-05-2019 00:00,01-01-1970 00:00,30-05-2024 12:21
87,K. Raman_null,12345764,12345518,W-169 WIP_New York-123467,09-05-2019 00:00,01-01-1970 00:00,30-05-2024 12:21
88,Mahendra_null,12345765,12345519,26/7 Jaffer Sarang Street_BRISTOL-123468,10-05-2019 00:00,01-01-1970 00:00,30-05-2024 12:21
92,Ravindra Joshi_null,12345769,12345523,80 Feet Road_LINDEN-123472,14-05-2019 00:00,01-01-1970 00:00,30-05-2024 12:21
94,Ms. Pushpa _null,12345771,12345525,26/7 Jaffer Sarang Street_MUMBAI-123474,16-05-2019 00:00,01-01-1970 00:00,30-05-2024 12:21
95,P.V.Srinivasa_null,12345772,12345526,Classic Tower_NAGPUR-123475,17-05-2019 00:00,01-01-1970 00:00,30-05-2024 12:21
100,Vinayak A_null,12345777,12345531,80 Feet Road_BHOPAL-123480,22-05-2019 00:00,01-01-1970 00:00,30-05-2024 12:21
102,Vinayak C_null,12345779,12345533,Old No.52 New No.8 Dr.BN Road_PUNE-123456,22-05-2019 00:00,25-12-2019 00:00,30-05-2024 12:21
103,Vinayak D_null,12345780,12345534,Old No.52 New No.8 Dr.BN Road_MUMBAI-123457,22-05-2019 00:00,25-12-2019 00:00,30-05-2024 12:21