EMP_ID,F_NAME,L_NAME,B_DATE,PHONE,AADHAR,JOIN_DATE,SYS_CRE_DATE,SYS_UPD_DATE,SEX,P_ADD,E_ADD,BL_GR,POL_NO,D_ID,CLAIM_ID,POL_TYPE_ID,MED_HIST  
101,L.N. ,null,1991-03-12,12365678,12555432,null,2019-01-12 00:00:00.0,null,M,P_101,E_211,A+,100100,10,null,111,null
102,G. ,null,1991-03-13,12365678,12555432,null,2019-01-13 00:00:00.0,null,M,P_102,E_212,B+,100101,20,null,112,null
103, Rai,null,1991-03-14,12365678,12555432,null,2019-01-14 00:00:00.0,null,M,P_103,E_213,AB+,100102,30,null,113,null
104,Vijay Chand,null,1991-03-15,12365678,12555432,null,2019-01-15 00:00:00.0,null,M,P_104,E_214,AB-,100103,40,null,114,null
105,Burjor,null,1991-03-16,12365678,12555432,null,2019-01-16 00:00:00.0,null,F,P_105,E_215,B-,100104,50,null,115,null
106,Lakhotia,null,1991-03-17,12365678,12555432,null,2019-01-17 00:00:00.0,null,F,P_106,E_216,O+,100105,60,null,116,null
107,Alva,null,1991-03-18,12365678,12555432,null,2019-01-18 00:00:00.0,null,F,P_107,E_217,O-,100106,70,null,111,null
108,Vijay,null,1991-03-19,12365678,12555432,null,2019-01-19 00:00:00.0,null,F,P_108,E_218,A+,100107,80,null,112,null
109,Savita ,null,1991-03-20,12365678,12555432,null,2019-01-20 00:00:00.0,null,F,P_109,E_219,B+,100108,90,null,113,null
110,Wahal,null,1991-03-21,12365678,12555432,null,2019-01-21 00:00:00.0,null,F,P_110,E_220,AB+,100109,100,null,114,null
111,Agrawala,null,1991-03-22,12365678,12555432,null,2019-01-22 00:00:00.0,null,F,P_111,E_221,AB-,100110,10,null,115,null
112,Mittal,null,1991-03-23,12365678,12555432,null,2019-01-23 00:00:00.0,null,F,P_112,E_222,B-,100111,20,null,116,null
113,Susan,null,1991-03-24,12365678,12555432,null,2019-01-24 00:00:00.0,null,F,P_113,E_223,O+,100112,30,null,111,null
114,P. S.,null,1991-03-25,12365678,12555432,null,2019-01-25 00:00:00.0,null,F,P_114,E_224,O-,100113,40,null,112,null
115,Mohan,null,1991-03-26,12365678,12555432,null,2019-01-26 00:00:00.0,null,M,P_115,E_225,A+,100114,50,null,113,null
116,Babu,null,1991-03-27,12365678,12555432,null,2019-01-27 00:00:00.0,null,F,P_116,E_226,B+,100115,60,null,114,null
117,Ramasamy,null,1991-03-28,12365678,12555432,null,2019-01-28 00:00:00.0,null,F,P_117,E_227,AB+,100116,70,null,115,null
118,Ravi,null,1991-03-01,12365678,12555432,null,2019-01-01 00:00:00.0,null,F,P_118,E_228,AB-,100117,80,null,116,null
119,Mandal,null,1991-03-02,12365678,12555432,null,2019-01-02 00:00:00.0,null,F,P_119,E_229,B-,100118,90,null,111,null
120,K.,null,1991-03-03,12365678,12555432,null,2019-01-03 00:00:00.0,null,F,P_120,E_230,O+,100119,100,null,112,null
121,Satch,null,1991-03-04,12365678,12555432,null,2019-01-04 00:00:00.0,null,M,P_121,E_231,O-,100120,10,null,113,null
122,Gool,null,1991-03-05,12365678,12555432,null,2019-01-05 00:00:00.0,null,M,P_122,E_232,A+,100121,20,null,114,null
123,Karthick,null,1991-03-06,12365678,12555432,null,2019-01-06 00:00:00.0,null,M,P_123,E_233,B+,100122,30,null,115,null
124,Shishir,null,1991-03-07,12365678,12555432,null,2019-01-07 00:00:00.0,null,F,P_124,E_234,AB+,100123,40,null,116,null
125,Shalini,null,1991-03-08,12365678,12555432,null,2019-01-08 00:00:00.0,null,F,P_125,E_235,AB-,100124,50,null,111,null
